subreddit_name,post_created_utc,id,is_original_content,is_self,link_flair_text,locked,num_comments,over_18,score,spoiler,stickied,title,upvote_ratio,url
funny,1641487984.0,rxj3xj,False,False,,False,9,False,25,False,False,No accident or Damage Reported,0.86,https://i.redd.it/p0pypmu0l3a81.jpg
funny,1641455531.0,rx91kx,False,False,,False,6,False,175,False,False,That's not a monster...,0.93,https://i.redd.it/db5clvthw0a81.png
funny,1641453705.0,rx8kvo,False,False,,False,61,False,166,False,False,"Seems similar, island cactus",0.79,https://i.redd.it/m6f3kr93r0a81.jpg
funny,1641491099.0,rxkb7w,False,False,,False,18,False,179,False,False,Found the original,0.91,https://v.redd.it/p66j0l38u3a81
funny,1641464486.0,rxbbec,False,False,,False,12,False,167,False,False,The jump failed but the result is great,0.91,https://v.redd.it/7to7iry4n1a81
funny,1641481538.0,rxgo3q,False,False,,False,11,False,170,False,False,Dieting after the holidays,0.95,https://v.redd.it/7bcnpncq13a81
funny,1641486409.0,rxiiyt,False,False,,False,7,False,157,False,False,Spotted earlier in the streets of Copenhagen,0.93,https://i.redd.it/vb7wpixbg3a81.jpg
funny,1641510081.0,rxrkfi,False,False,,False,42,False,271,False,False,Six days into the new year and I‚Äôve achieved the impossible. [OC],0.97,https://i.redd.it/cqobpu9qe5a81.jpg
funny,1641485560.0,rxi7ea,False,False,,False,28,False,145,False,False,"Didn't realize Cabela's got hit so hard by the pandemic, this entire section of their store is completely empty... Very sad to see this",0.7,https://i.redd.it/dn523ibtd3a81.jpg
funny,1641491715.0,rxkjt6,False,False,,False,15,False,140,False,False,Forbidden love,0.92,https://i.redd.it/oswjd9u1w3a81.jpg
funny,1641476276.0,rxesmx,False,False,,False,17,False,136,False,False,The sea can be a cruel mistress.,0.82,https://i.redd.it/y1r3rtk7m2a81.jpg
funny,1641497279.0,rxmq0x,False,False,,False,19,False,178,False,False,Propagated a rare felis catus bush and it‚Äôs thriving,0.9,https://i.redd.it/57s2ovqnc4a81.jpg
funny,1641456131.0,rx97ca,False,False,,False,9,False,129,False,False,Doctor's Orders,0.9,https://i.redd.it/eu1u68may0a81.jpg
funny,1641500476.0,rxnyg4,False,False,,False,20,False,121,False,False,Boba Fett's Favorite Team,0.89,https://i.redd.it/2m96smi5m4a81.jpg
funny,1641494025.0,rxlgvr,False,False,,False,9,False,110,False,False,Chiwawaski,0.79,https://v.redd.it/odkmq21x24a81
funny,1641497118.0,rxmntz,False,False,,False,23,False,113,False,False,What da dog doin,0.93,https://v.redd.it/xgafd5d3c4a81
funny,1641495457.0,rxm0f7,False,False,,False,31,False,117,False,False,This seal ain‚Äôt havin non of it.,0.89,https://v.redd.it/286ndqw774a81
funny,1641502517.0,rxopuc,False,False,,False,4,False,98,False,False,Better,0.87,https://i.redd.it/lon6x0h6s4a81.png
funny,1641484533.0,rxhsrz,False,False,,False,11,False,96,False,False,Step Batman,0.81,https://v.redd.it/p644y9uoa3a81
funny,1641429496.0,rx1knc,False,False,,False,22,False,88,False,False,"Dog singing evening prayers in Izmir, Turkey",0.83,https://v.redd.it/hlo83lhnqy981
funny,1641472320.0,rxdit3,False,False,,False,9,False,89,False,False,For my wife,0.87,https://i.redd.it/p0xbyezfa2a81.jpg
funny,1641505121.0,rxppb9,False,False,,False,16,False,90,False,False,Found one!,0.89,https://i.redd.it/a6srsy4zz4a81.jpg
funny,1641483654.0,rxhh11,False,False,,False,12,False,79,False,False,There's something wrong with this dog,0.87,https://i.redd.it/z1cijxv483a81.jpg
funny,1641431668.0,rx2c77,False,False,,False,26,False,126,False,False,Check out this cool slingshot!,0.88,https://i.redd.it/pmia1lgkxy981.jpg
funny,1641470724.0,rxd1t9,False,False,,False,31,False,80,False,False,Something go wrong. Hope you see it. Drawn by me 2021.,0.75,https://i.redd.it/0bfvz26p52a81.jpg
funny,1641432243.0,rx2j67,False,False,,False,47,False,180,False,False,how my nerdy sister announced she was pregnant...,0.82,https://i.redd.it/hassbpi9zy981.jpg
funny,1641501629.0,rxoe2v,False,False,,False,40,False,300,False,False,My employee and I made a video for our store and we‚Äôre pretty proud of it.,0.84,https://v.redd.it/7yipcuekp4a81
funny,1641468404.0,rxcdta,False,False,,False,10,False,30,False,False,Endurance indeed,0.83,https://i.imgur.com/mHtyCFx.jpg
funny,1641458334.0,rx9rxc,False,False,,False,304,False,24693,False,False,20th Century Hotdogs.,0.91,https://v.redd.it/jf5ugvcu41a81
funny,1641440802.0,rx4nc1,False,False,,False,590,False,7438,False,False,Received an application today. Here is the ‚Äúresume‚Äù that was with it.,0.96,https://i.redd.it/41h9flkpoz981.jpg
funny,1641460939.0,rxaen2,False,False,,False,34,False,2666,False,False,True story,0.96,https://i.redd.it/liwwn8olc1a81.jpg
funny,1641466085.0,rxbqks,False,False,,False,66,False,1400,False,False,Attempt at setting a Guinness World Record,0.88,https://i.redd.it/3wrto4cwr1a81.png
funny,1641490780.0,rxk6po,False,False,,False,68,False,1275,False,False,"It's like rain on your wedding day. It's like two clicks, when one's the law.",0.97,https://i.redd.it/djehwfi7t3a81.png
funny,1641444670.0,rx5y9z,False,False,,False,67,False,1028,False,False,The 80s was a fun time,0.94,https://i.redd.it/h8pflqb800a81.jpg
funny,1641502191.0,rxolho,False,False,,False,42,False,1077,False,False,Some fathers have their own form of survival training.,0.95,https://v.redd.it/gtq36n6qq4a81
funny,1641440217.0,rx4frm,False,False,,False,19,False,779,False,False,I‚Äôm sure everyone is bored of the Betty White ads but this was to good not to post since I believe this is why she couldn‚Äôt make it to 100 or the year 2022. Lifted from someone else cause I laughed a lot.,0.88,https://i.redd.it/ulylcllzmz981.jpg
funny,1641491247.0,rxkda9,False,False,,False,19,False,700,False,False,Drinking your way through quarantine: Year 3,0.95,https://i.redd.it/9sm9dutiu3a81.jpg
funny,1641487457.0,rxiwvc,False,False,,False,46,False,205,False,False,Brownies my friend brought to the New Year's party.,0.92,https://i.redd.it/tpqdjc9gj3a81.jpg
funny,1641460207.0,rxa8c4,False,False,,False,63,False,630,False,False,Mine Vs. My Wife's Netflix TV Show image suggestions,0.92,https://i.redd.it/dyfqu2dba1a81.png
funny,1641480748.0,rxgdbu,False,False,,False,43,False,602,False,False,Handed out the last of my business cards this morning,0.89,https://imgur.com/jDH6chl.jpg
funny,1641498495.0,rxn741,False,False,,False,8,False,467,False,False,Was taking a walk and thought I'd stop to smell this rose,0.93,https://i.redd.it/ulsh3pu2g1w41.jpg
funny,1641483524.0,rxhf8c,False,False,,False,48,False,384,False,False,Morning news interview with guy from birds aren‚Äôt real.,0.91,https://v.redd.it/i7vxuzkm73a81
funny,1641447203.0,rx6qxs,False,False,,False,18,False,333,False,False,"This is the gif that Wikipedia uses on the ""Cat Righting Reflex"" page.",0.93,https://i.redd.it/8tl9refr70a81.gif
funny,1641474014.0,rxe25m,False,False,,False,32,False,308,False,False,Meanwhile in Japan...,0.92,https://i.redd.it/o84hq2xgf2a81.jpg
funny,1641496181.0,rxmaiv,False,False,,False,27,False,303,False,False,All Hail the üê¢ü§¥,0.94,https://i.imgur.com/8x1AjCi.jpg
funny,1641494115.0,rxli3s,False,False,,False,30,False,309,False,False,This photo on Google maps for a Chuck e Cheese near my house,0.91,https://i.imgur.com/lvjVPgZ.jpg
funny,1641487472.0,rxix3e,False,False,,False,24,True,274,False,False,Call center scammer gives me the proper pronunciation of swear words,0.93,https://v.redd.it/0woktc0cj3a81
funny,1641478720.0,rxfmr4,False,False,,False,26,False,246,False,False,Hand Sanitizer Roulette,0.9,https://i.redd.it/0r07u22ht2a81.jpg
funny,1641482154.0,rxgwie,False,False,,False,7,False,239,False,False,Black Widow,0.89,https://i.redd.it/484rj4to33a81.jpg
funny,1641465385.0,rxbjxn,False,False,,False,21,False,612,False,False,Socially Awkward Stalin,0.87,https://v.redd.it/03co4dkrp1a81
funny,1641475727.0,rxem4k,False,False,,False,1,False,76,False,False,Warning! May cause back pain and large amounts of money to get showered over you. Use at own risk!!!,0.91,https://i.redd.it/jezvooskk2a81.jpg
funny,1641470128.0,rxcv27,False,False,,False,7,False,79,False,False,That's what she said,0.81,https://i.redd.it/a1pee2bx32a81.jpg
funny,1641476233.0,rxes5z,False,False,,False,15,False,34,False,False,was succulent the best idea..,0.83,https://i.redd.it/qrm7zfq2m2a81.jpg
funny,1641495298.0,rxly2r,False,False,Verified,False,2,False,38,False,False,Drama kids make everything better,0.77,https://i.redd.it/4p9ukkal64a81.png
funny,1641486782.0,rxinwp,False,False,,False,3,False,40,False,False,my dog is now a snow dino,0.86,https://i.redd.it/x50bmp6gh3a81.jpg
funny,1641477559.0,rxf7vc,False,False,,False,4,False,40,False,False,With friends like these...,0.75,https://i.redd.it/mxf12qy0q2a81.jpg
funny,1641455235.0,rx8yu1,False,False,,False,10,False,35,False,False,The dance was interrupted suddenly üòπ,0.83,https://v.redd.it/iov7i6lhv0a81
funny,1641486313.0,rxihph,False,False,,False,66,False,2548,False,False,Missed the opportunity,0.91,https://i.redd.it/7ptbup02g3a81.jpg
funny,1641497826.0,rxmxtm,False,False,,False,46,False,1661,False,False,Getting new haircut & being fabolous.,0.93,https://v.redd.it/tokwiyk6e4a81
funny,1641501389.0,rxoaty,False,False,,False,83,False,1544,False,False,Girlfriend's Mom sent this to her. She is LDS too!! Snorted my coffee.,0.92,https://i.redd.it/4x2hpwqvo4a81.jpg
funny,1641501233.0,rxo8sb,False,False,,False,86,False,1942,False,False,That one time Drake photobombed my families photo (With Rihanna sitting with him).,0.95,https://i.redd.it/0f1u38kco4a81.jpg
funny,1641473898.0,rxe0ob,False,False,,False,2193,False,39768,False,False,Behold the magic stick,0.86,https://v.redd.it/rls983e4f2a81
funny,1641484360.0,rxhqgy,False,False,,False,294,False,20471,False,False,Sweet relief,0.91,https://i.redd.it/ruzfj1a6a3a81.jpg
funny,1641451990.0,rx84vr,False,False,,False,8,False,69,False,False,Has Anyone Ever Got One ?,0.75,https://v.redd.it/nv48jpmtl0a81
funny,1641489578.0,rxjq43,False,False,,False,983,False,32837,False,False,Horse playing dead whenever someone tries to ride it,0.94,https://v.redd.it/be5hu0iap3a81
funny,1641380014.0,rwk89i,False,False,,False,1,False,19,False,True,"Subreddit Of The Month [January 2022]: /r/PeopleLookingUp. Know of a small (under 20,000 subscribers) humor-based subreddit that deserves a month in the spotlight? Link it inside!",0.79,https://www.reddit.com/r/PeopleLookingUp/
funny,1623683699.0,nzp2n0,False,True,,False,880,False,2494,False,True,ANNOUNCEMENT: We're making some changes to how comics are handled.,0.98,https://www.reddit.com/r/funny/comments/nzp2n0/announcement_were_making_some_changes_to_how/
funny,1641458884.0,rx9wo5,False,False,,False,3,False,33,False,False,Ford would be proud,0.79,https://i.redd.it/xz3y0ihf61a81.png
funny,1641444235.0,rx5tb6,False,False,,False,3,False,30,False,False,what's your skeleton mood today ?,0.68,https://v.redd.it/53f972yvyz981
funny,1641429203.0,rx1gt1,False,False,,False,5,False,30,False,False,My buddy still isn‚Äôt used to winter in New England after 23 years,0.77,https://v.redd.it/phehdz28qy981
funny,1641512177.0,rxscsx,False,False,,False,19,False,68,False,False,You know you live in Utah when‚Ä¶,0.92,https://i.redd.it/cb87nwkyk5a81.jpg
funny,1641509152.0,rxr7xx,False,False,,False,6,False,36,False,False,I finally figured out how to keep my son out of my bedroom.,0.96,https://i.redd.it/68t37ityb5a81.jpg
funny,1641438824.0,rx3x3n,False,False,,False,12,False,31,False,False,Chipotle in my town looks like a Nintendo Console,0.63,https://i.redd.it/ji36uqjuiz981.jpg
funny,1641481566.0,rxgoga,False,False,,False,2,False,26,False,False,Oracle Bot!,0.75,https://i.redd.it/ujs7rmsx13a81.jpg
funny,1641499123.0,rxnfxc,False,False,Verified,False,1,False,26,False,False,[OC] The Ultimate Betrayal,0.74,https://i.redd.it/990ucx75i4a81.jpg
funny,1641499394.0,rxnk04,False,False,,False,546,True,13962,False,False,Tokyo 2021,0.92,https://v.redd.it/740kqvosi4a81
funny,1641492721.0,rxkybc,False,False,,False,2,False,27,False,False,So much for New Year‚Äôs resolutions.,0.76,https://i.redd.it/7r84h7k3z3a81.jpg
funny,1641490856.0,rxk7tq,False,False,,False,6,False,40,False,False,Mr B the lab is very excited to play with new toys today.,0.91,https://v.redd.it/of19lxszr3a81
funny,1641510805.0,rxruay,False,False,,False,25,False,55,False,False,I‚Äôm not sure why this is a real product but I had to buy some.,0.91,https://i.redd.it/ffkk099vg5a81.jpg
funny,1641440536.0,rx4jw8,False,False,,False,5,False,70,False,False,Dude Vader,0.81,https://imgur.com/C2HR5qx.jpg
funny,1641482526.0,rxh1rm,False,False,,False,2,False,69,False,False,The actual state of the Internet,0.86,https://i.redd.it/n2hwfj8q43a81.png
funny,1641468228.0,rxcc5g,False,False,,False,7,False,70,False,False,The warning label on my blinds reads like a game loading screen tip,0.84,https://i.redd.it/s03miz69y1a81.jpg
funny,1641462416.0,rxarxv,False,False,,False,6,False,69,False,False,A prickly delivery,0.88,https://v.redd.it/n0f0g1ngg1a81
funny,1641440664.0,rx4lk4,False,False,,False,18,False,64,False,False,gonna tell my grandkids that this was daft punk,0.78,https://i.redd.it/d5lwzagboz981.jpg
funny,1641484629.0,rxhtzb,False,False,,False,8,False,62,False,False,They‚Äôre putting the fear of God in everyone,0.82,https://i.redd.it/q5dws1m1b3a81.jpg
funny,1641509851.0,rxrh80,False,False,,False,30,False,72,False,False,Come on Disney... Really?!,0.8,https://i.redd.it/pmczesm1e5a81.jpg
funny,1641450920.0,rx7un0,False,False,,False,10,False,57,False,False,Just realized I‚Äôm a sorcerer üßô‚Äç‚ôÇÔ∏è,0.75,https://v.redd.it/zra4t2xsi0a81
funny,1641488236.0,rxj7ci,False,False,,False,5,False,55,False,False,Is Miss Universe Still a Thing?,0.85,https://i.redd.it/7b6aaf2pl3a81.png
funny,1641506350.0,rxq5oc,False,False,,False,11,False,64,False,False,Plane. [OC],0.92,https://i.redd.it/n8jdd8fm35a81.jpg
funny,1641500943.0,rxo4sm,False,False,,False,4,False,41,False,False,Find someone who looks at you like Mark Cuban looks at Dirk Nowitzki,0.83,https://i.redd.it/pcnqbxbin4a81.png
funny,1641429651.0,rx1mpl,False,False,,False,4,False,53,False,False,Found a little passenger in my car today. I have gave him five star rating on Uber.,0.8,https://i.redd.it/yos77jsjry981.jpg
funny,1641483607.0,rxhgc3,False,False,,False,3,False,57,False,False,The last one cracked me up..,0.86,https://v.redd.it/10bi65su73a81
funny,1641473077.0,rxdr2f,False,False,,False,24,False,49,False,False,Who‚Äôs out there trying to curl your lashes with a curling iron???,0.88,https://i.redd.it/44ravs2pc2a81.jpg
funny,1641499289.0,rxnifc,False,False,,False,4,False,54,False,False,This cold weather got me like,0.87,https://v.redd.it/aw960y1ni4a81
funny,1641488898.0,rxjgrv,False,False,,False,5,False,47,False,False,"It's me, I'm the culprit",0.85,https://i.redd.it/goft90nqn3a81.jpg
funny,1641458512.0,rx9ti4,False,False,,False,6,False,50,False,False,The timeline has been corrected,0.79,https://v.redd.it/tmkgonwa51a81
funny,1641477805.0,rxfbfb,False,False,,False,24,False,45,False,False,A Florida Man of many trades,0.9,https://i.redd.it/e7fy4qarq2a81.jpg
funny,1641489391.0,rxjnjo,False,False,Verified,False,24,False,42,False,False,Such a sweet guy [OC],0.6,https://i.redd.it/ymn1m116p3a81.jpg
funny,1641484048.0,rxhmc8,False,False,Verified,False,3,False,39,False,False,The Last Day,0.7,https://i.redd.it/s4774kab93a81.jpg
funny,1641498716.0,rxna62,False,False,,False,7,False,40,False,False,Worst Haircut Ever üòÇ,0.76,https://i.redd.it/bt1tqbyog4a81.jpg
funny,1641439701.0,rx48wq,False,False,,False,7,False,43,False,False,I can't believe it...I'm in the CREDITS!,0.7,https://i.redd.it/49sy6j2glz981.jpg
funny,1641508515.0,rxqz88,False,False,,False,7,False,66,False,False,Oww tha devil is just busy ü§£,0.83,https://v.redd.it/qx5xzplt95a81
pics,1641485974.0,rxid38,False,False,,False,8,False,46,False,False,The next sequel may dissapoint fans...,0.96,https://i.redd.it/8k7sgtm1f3a81.jpg
pics,1641486237.0,rxigo3,False,False,,False,0,False,45,False,False,"Amphibious killer. A bengal tiger in Ranthambore National park, India.",0.98,https://i.redd.it/ti8zt9rboxl41.jpg
pics,1641454488.0,rx8s76,False,False,,False,2,False,44,False,False,"Great horned owl I see every evening, finally managed to get some good photos",0.96,https://www.reddit.com/gallery/rx8s76
pics,1641479454.0,rxfwdf,False,False,,False,12,False,45,False,False,"A man takes a selfie using a stick of wood to activate the camera, 1957",0.91,https://i.redd.it/gudhdmymv2a81.jpg
pics,1639583560.0,rh25ex,False,True,Politics,False,257,False,161,False,True,Some Clarifications About Abortion-Centric Debates,0.87,https://www.reddit.com/r/pics/comments/rh25ex/some_clarifications_about_abortioncentric_debates/
pics,1641438993.0,rx3zfg,False,False,,False,6,False,43,False,False,Me and my bestfriend bought the same cushion ( as a connection) since we live 1500 miles apart !,0.8,https://i.redd.it/gp5ntyhcjz981.jpg
pics,1641451352.0,rx7yrp,False,False,,False,36,False,481,False,False,This is Kazakhstan. 2022.,0.96,https://i.redd.it/hviqv1i3k0a81.jpg
pics,1641494935.0,rxlsza,False,False,,False,97,False,510,False,False,"I grew up in Canada but live in the south now. I went into the office today, guess which car is mine",0.95,https://i.redd.it/015qwswo54a81.jpg
pics,1641469147.0,rxcl56,False,False,,False,20,False,321,False,False,Black out panels with a twist,0.88,https://i.imgur.com/IyHfxp4.jpg
pics,1641484441.0,rxhriy,False,False,,False,71,False,334,False,False,Getting covid in 2020 pushed me to pursue a dream - finally self-publishing a novel.,0.79,https://i.redd.it/wd556830a3a81.jpg
pics,1641447655.0,rx6vrf,False,False,,False,36,False,257,False,False,It‚Äôs snowing in Tokyo today.,0.93,https://i.redd.it/2k93zfm390a81.jpg
pics,1641490216.0,rxjyma,False,False,,False,21,False,274,False,False,Recently became a dad to this awesome kid. This is her 1st snow.,0.86,https://i.imgur.com/EXyuepi.jpg
pics,1641485744.0,rxi9yd,False,False,,False,20,False,245,False,False,Rainbow Grapes,0.97,https://i.redd.it/7e92f05ce3a81.jpg
pics,1641488145.0,rxj64p,True,False,Arts/Crafts,False,28,False,246,False,False,A painting I just finished...painting.,0.92,https://i.redd.it/nr8pjwtgl3a81.jpg
pics,1641471688.0,rxdbvz,False,False,,False,12,False,202,False,False,A sea turtle with an amazing pattern on her carapace.,0.93,https://i.redd.it/cn0uh7m682a81.jpg
pics,1641460182.0,rxa83a,False,False,,False,17,False,522,False,False,Winter in Amsterdam ‚Ä¶.,0.97,https://imgur.com/8QTDluO.jpg
pics,1641481103.0,rxghvj,False,False,,False,8,False,206,False,False,Royal Library in Rio,0.97,https://i.redd.it/a3var50k03a81.jpg
pics,1641444199.0,rx5sx6,False,False,,False,16,False,180,False,False,"While at work in Alberta, Canada.",0.96,https://i.redd.it/9kycpaptyz981.jpg
pics,1641494198.0,rxlj89,False,False,,False,34,False,196,False,False,Birds flying above Brighton pier UK,0.91,https://i.redd.it/iirbw22i34a81.jpg
pics,1641438469.0,rx3sav,False,False,,False,12,False,154,False,False,"Bab Chellah, Rabat in Morocco",0.95,https://i.redd.it/cqn3bj8jb4681.jpg
pics,1641442054.0,rx53id,False,False,,False,1,False,141,False,False,"Caught this photo of a sand waterfall (sandfall?) induced by the guide at Antelope Canyon, Arizona",0.96,https://i.redd.it/d455360gsz981.jpg
pics,1641503822.0,rxp7qj,False,False,,False,69,False,244,False,False,Spreading the gospel tax free.,0.93,https://i.redd.it/zh1bzv34w4a81.jpg
pics,1641482192.0,rxgwzw,True,False,,False,8,False,130,False,False,Train close to Berlin [OC],0.97,https://i.redd.it/28ajcwis33a81.jpg
pics,1641431358.0,rx28dc,False,False,Arts/Crafts,False,5,False,114,False,False,My colored pencil drawing of Elton John,0.91,https://i.redd.it/a5gwxianwy981.jpg
pics,1641447014.0,rx6ot0,True,False,Arts/Crafts,False,9,False,100,False,False,I spent 2 weeks to put Guts's life into this drawing. Hope you like it!,0.95,https://i.redd.it/62r4ta0370a81.jpg
pics,1641429693.0,rx1n7u,True,False,,False,10,False,97,False,False,"Arctic fox - North Slope, Alaska. They're often pretty tentative, so I was happy to get the shot.",0.92,https://i.redd.it/nws3n5ujry981.jpg
pics,1641496989.0,rxmm04,False,False,,False,38,False,253,False,False,One year later and my neighbor is still going strong - January 6th 2021,0.81,https://i.redd.it/5d99yqesb4a81.jpg
pics,1641485771.0,rxiab9,True,False,,False,3,False,101,False,False,A Gundam in Japan booting up in the midst of a blizzard. It was soooo cool!!!,0.96,https://i.redd.it/31fj9zq5e3a81.jpg
pics,1641481880.0,rxgsqc,False,False,,False,23,False,588,False,False,Billie Holiday performing ‚ÄúStrange Fruit‚Äù at Caf√© Society (NYC‚Äôs first integrated nightclub) - 1939,0.95,https://i.redd.it/ppoc467t23a81.jpg
pics,1641439136.0,rx41be,False,False,,False,124,False,568,False,False,Pic of the year 2021,0.83,https://i.redd.it/6c3kb8zljz981.jpg
pics,1641494616.0,rxlp1r,False,False,Politics,False,2630,False,28949,False,False,"The zip ties were intended for kidnapping. This was not a riot, it was a failed coup",0.77,https://i.imgur.com/b9SleQk.jpg
pics,1641494975.0,rxltjj,False,False,Politics,True,4149,False,66370,False,False,"Eugene Goodman, the officer who used himself as bait to save countless lives.",0.71,https://i.imgur.com/zKzaPJZ.jpg
pics,1641471297.0,rxd7sg,False,False,Politics,False,2511,False,40044,False,False,The Confederate flag made it deeper into Washington on 1/6/21 than it did during the Civil War,0.82,https://i.imgur.com/CSwL4NC.jpg
pics,1641472000.0,rxdf9r,False,False,*in 1939,False,1770,False,12725,False,False,Americans hold a Nazi rally in Madison Square Garden,0.88,https://i.redd.it/4irttv9d92a81.png
pics,1641489364.0,rxjn6c,False,False,,False,418,False,2918,False,False,"Photo of the January 6th, 2021 riots/insurrection",0.87,https://i.redd.it/9fwkiai0p3a81.jpg
pics,1641484222.0,rxhoo3,False,False,,False,287,False,3865,False,False,The Former Guy got a monument today,0.87,https://i.redd.it/zzr11dwm93a81.jpg
pics,1641494293.0,rxlki9,False,False,Politics,False,299,False,2085,False,False,Dick Cheney leaving Capitol today. He was the only Republican there for January 6 moment of silence,0.92,https://i.redd.it/pn30kw2m34a81.jpg
pics,1641479709.0,rxfzzf,False,False,,False,274,False,3088,False,False,"‚ÄúGo home, we love you, you‚Äôre very special‚Äù",0.82,https://i.redd.it/1i2lf26fw2a81.jpg
pics,1641474919.0,rxecyl,False,False,*different officer,False,566,False,2762,False,False,"One year ago today, a police officer was beaten down during the Capitol riot. He died later that day",0.79,https://i.redd.it/kls3j945h2a81.jpg
pics,1641425521.0,rx02po,False,False,,False,29,False,567,False,False,I always thought hawks were solitary creatures. Then I spotted these two.,0.97,https://i.redd.it/11pd4t24fy981.jpg
pics,1641429568.0,rx1lm2,False,False,Politics,False,2574,False,27366,False,False,Marjorie Greene on Steve Bannon's War Room podcast discussing her Twitter ban,0.8,https://i.redd.it/inhxz9s6ry981.jpg
pics,1641445320.0,rx65w5,False,False,Politics,False,1930,False,23054,False,False,"America, one year ago today",0.84,https://i.redd.it/ugb2pls520a81.jpg
pics,1641440927.0,rx4ox0,False,False,,False,1437,False,11861,False,False,"One of the largest aircraft in the world, the Airlander 10",0.95,https://i.redd.it/83mng2q2pz981.jpg
pics,1641444585.0,rx5xap,False,False,Politics,False,146,False,3218,False,False,A building that looks like an ex president,0.86,https://i.redd.it/crk2e1puzz981.jpg
pics,1641470479.0,rxcytz,False,False,,False,316,False,1879,False,False,Happy stupid coup day!,0.84,https://i.redd.it/7wd70e0z42a81.jpg
pics,1641468890.0,rxcisr,False,False,,False,34,False,1218,False,False,Stunning photo taken from a boat with two orcas a few meters away in the middle of the ocean.,0.96,https://i.redd.it/lbss72ryz1a81.png
pics,1641426224.0,rx0c4z,False,False,,False,82,False,1120,False,False,I recently restored an iPod 3G and now I can rock out like it's 2004 again,0.95,https://i.redd.it/1ywq2937hy981.jpg
pics,1641482859.0,rxh6c3,False,False,Arts/Crafts,False,49,False,752,False,False,"This is a drawing. I did it in charcoal and graphite pencils, in 125 hours!",0.95,https://i.redd.it/mqz5387s53a81.jpg
pics,1641428652.0,rx19fm,False,False,,False,56,False,638,False,False,Husband + Long boy,0.89,https://i.redd.it/gn4iuljloy981.jpg
pics,1641436952.0,rx3dby,False,False,,False,35,False,621,False,False,Service dogs waiting to enter their kids‚Äô hospital rooms.,0.91,https://i.redd.it/wyhspu0adz981.jpg
pics,1641440818.0,rx4nk6,True,False,,False,328,False,24162,False,False,Found this film negative in my parents attic. It's a picture they took together before they had kids,0.95,https://i.redd.it/tsyqgztioz981.jpg
pics,1641437141.0,rx3e7m,False,False,,False,21,False,97,False,False,So this Beauty near the place I work! First thought was Phantomas,0.9,https://i.redd.it/eo7pbhctdz981.jpg
pics,1641474988.0,rxedo0,False,False,,False,10,False,99,False,False,Soaking up the sun,0.92,https://i.imgur.com/Rg6wpZv.jpg
pics,1641438326.0,rx3qee,False,False,,False,8,False,88,False,False,This is the top of a piece of wood,0.91,https://i.redd.it/nyic5rpchz981.jpg
pics,1641481734.0,rxgqne,False,False,,False,2,False,48,False,False,Spring is coming,0.95,https://i.redd.it/obn6mspy13a81.jpg
pics,1641451449.0,rx7zq6,False,False,,False,3,False,51,False,False,Queen Mary,0.95,https://i.redd.it/2l8zby1ck0a81.jpg
pics,1641483778.0,rxhiuy,False,False,,False,11,False,55,False,False,America one year ago today,0.71,https://i.redd.it/61j9fgoi83a81.jpg
pics,1641492579.0,rxkwdr,False,False,,False,5,False,48,False,False,A face I saw in the Antelope Canyon Caves,0.89,https://i.redd.it/l2mf71qoy3a81.jpg
pics,1641455568.0,rx91xt,False,False,,False,3,False,49,False,False,A giant Pok√© Ball in Shanghai,0.89,https://i.redd.it/hdcj01cmw0a81.jpg
pics,1641496198.0,rxmaqz,False,False,Politics,False,15,False,68,False,False,How Trump remembers Jan 6,0.72,https://i.redd.it/efmhhjr894a81.jpg
pics,1641482197.0,rxgx2e,False,False,,False,24,False,49,False,False,"My partner and I moved into our first apartment, despite lack of furniture we couldn‚Äôt be happier ü•∞",0.92,https://www.reddit.com/gallery/rxgx2e
pics,1641439139.0,rx41cx,False,False,,False,5,False,50,False,False,Seems She got a Family,0.88,https://i.redd.it/b7xsm00sjz981.jpg
pics,1641437536.0,rx3gcc,False,False,,False,2,False,49,False,False,Tonight's Waxing Crescent Moon,0.88,https://i.redd.it/v47cl5l0fz981.jpg
pics,1641495717.0,rxm46x,False,False,,False,5,False,60,False,False,We made a heated cat house for our dog's best friend Lynk.,0.95,https://i.imgur.com/lWvffq1.jpg
pics,1641452050.0,rx85fy,False,False,,False,5,False,49,False,False,When you have to go to work and see his face,0.92,https://i.redd.it/jg7vcc76m0a81.jpg
pics,1641443915.0,rx5pt8,False,False,Arts/Crafts,False,4,False,45,False,False,"Pics of my painting, The Boatman",0.88,https://www.reddit.com/gallery/rx5pt8
pics,1641480595.0,rxgb53,False,False,,False,5,False,45,False,False,My train looks like an animation character that just got a faceful of snow,0.86,https://i.redd.it/pvxz6hn1z2a81.jpg
pics,1641493766.0,rxld3v,False,False,,False,6,False,50,False,False,"1940s Scuba Diving Suits, USA.",0.93,https://i.redd.it/k9vssef424a81.jpg
pics,1641480418.0,rxg8z0,False,False,,False,2,False,43,False,False,Gotta go fast!,0.91,https://i.redd.it/94535y9gy2a81.jpg
pics,1641467065.0,rxc0o4,False,False,,False,21,False,45,False,False,Apes skeleton,0.84,https://i.redd.it/in2iqcwyr1a81.jpg
pics,1641440153.0,rx4ez8,False,False,,False,2,False,43,False,False,Sunrise,0.86,https://i.redd.it/ucfd8gssmz981.jpg
pics,1641502879.0,rxouu6,False,False,,False,16,False,55,False,False,"due back about 14 years ago, the late fees are gonna be insane.",0.9,https://i.redd.it/u95uq33bt4a81.jpg
pics,1641453203.0,rx8ggs,False,False,,False,5,False,41,False,False,My reddit Croissant,0.92,https://i.redd.it/a90u5jglp0a81.jpg
pics,1641476818.0,rxeywi,False,False,,False,5,False,45,False,False,Snapped this pic on break and it couldn't have turned out better,0.89,https://i.redd.it/kf9lg7eqn2a81.jpg
pics,1641474052.0,rxe2n3,False,False,Arts/Crafts,False,8,False,48,False,False,Art by nature: I took this photo of the ‚ÄûIce Dragon‚Äú in Antarctica 2019.,0.96,https://i.redd.it/23ry2nglf2a81.jpg
pics,1641479042.0,rxfr9k,False,False,,False,9,False,54,False,False,Few pics i took in Austria,0.94,https://www.reddit.com/gallery/rxfr9k
pics,1641493739.0,rxlcpr,True,False,,False,0,False,55,False,False,A colorful sunrise made this wave look like it was on fire,0.91,https://i.redd.it/cm8zasd124a81.jpg
pics,1641503171.0,rxoyzl,False,False,,False,6,False,64,False,False,Fog over the lake and bright porch light = cool pic,0.95,https://i.redd.it/nyrb12i6u4a81.jpg
pics,1641426262.0,rx0cn9,False,False,,False,21,False,84,False,False,"I have Keratoconus, a rare cornea disease. This is what the moon looks like to me.",0.91,https://i.redd.it/slohfiohhy981.jpg
pics,1641453433.0,rx8ihc,False,False,,False,16,False,83,False,False,"Almaty, Kazakhstan (January 5th, 2022)",0.95,https://i.imgur.com/ZJtK4si.jpg
pics,1641492630.0,rxkx33,False,False,,False,4,False,89,False,False,Hiking in the Columbia River Gorge,0.97,https://i.redd.it/jm989gqny3a81.jpg
pics,1641497655.0,rxmvgd,False,False,,False,91,False,85,False,False,"just some of the injuries that Capital police suffered on 1/6. Even without guns, it was brutal AF",0.67,https://i.redd.it/6gyy3dd6d4a81.jpg
pics,1641495072.0,rxluv0,False,False,,False,7,False,82,False,False,Central Washington is having snowmageddon right now. Both cars were cleared off last night.,0.94,https://i.imgur.com/3o1nWzW.jpg
pics,1641473462.0,rxdvm6,False,False,,False,23,False,69,False,False,Yes Kangaroos do roam the suburbs in Australia. This guy was in my front yard this afternoon,0.95,https://i.redd.it/whp4bvztd2a81.jpg
pics,1641486469.0,rxijq9,False,False,,False,19,False,71,False,False,The plane I was on had a window in the bathroom,0.84,https://i.redd.it/uqxtehdig3a81.jpg
pics,1641445640.0,rx69k9,False,False,,False,13,False,67,False,False,"""children have all been vaccinated against small pox"" - from a 1932 journal I found in a thrift shop",0.89,https://i.redd.it/611akppw20a81.png
pics,1641432362.0,rx2kni,False,False,,False,14,False,65,False,False,Morgan Freeman was actually young once,0.86,https://i.redd.it/wpu3rgrmzy981.jpg
pics,1641507805.0,rxqpbg,False,False,,False,30,False,184,False,False,2 horsemen of the apocalypse and 1 dragon,0.91,https://i.redd.it/20spt2hk75a81.jpg
pics,1641455835.0,rx94dn,False,False,,False,10,False,61,False,False,Tracy Caldwell Dyson in the Cupola module of the ISS observing the Earth below during Expedition 24,0.96,https://i.redd.it/dvm1irafx0a81.jpg
pics,1641494761.0,rxlr1d,False,False,,False,1,False,68,False,False,The spot where Forest Gump stops running.,0.85,https://i.redd.it/i0zpsz9654a81.jpg
pics,1641489645.0,rxjr1d,False,False,,False,4,False,66,False,False,I randomly found The Mystery Machine.,0.91,https://i.redd.it/7gkw43myp3a81.jpg
pics,1641426041.0,rx09oj,False,False,,False,4,False,62,False,False,"A crossover no one asked for, but hey why not.",0.88,https://i.redd.it/gqj5tzotgy981.jpg
pics,1641499527.0,rxnlto,False,False,,False,16,False,80,False,False,Took me about a month to make this one. My best so far,0.94,https://i.redd.it/ez7qhhybj4a81.jpg
pics,1641439237.0,rx42pm,False,False,,False,4,False,63,False,False,Snapped this at the Monterey Bay aquarium,0.88,https://i.redd.it/cnfhy3k2kz981.jpg
pics,1641484924.0,rxhy7s,False,False,,False,22,False,59,False,False,I made a stupid looking bear for my boyfriend today while I was working.,0.96,https://i.redd.it/eqpkihaxb3a81.jpg
pics,1641502061.0,rxojrr,False,False,,False,17,False,89,False,False,"I win Los Angeles bingo! Downtown, ocean, blimp, Rose Bowl fireworks, stealth bomber, helicopter.",0.97,https://i.redd.it/owona4pvq4a81.jpg
pics,1641456170.0,rx97r3,False,False,,False,7,False,55,False,False,Now my Gen Z coworkers will know how cool I am.,0.83,https://i.imgur.com/qJoFCTh.jpg
pics,1641440731.0,rx4mex,False,False,,False,8,False,56,False,False,This is winter in San Diego,0.88,https://i.redd.it/bvcidxi9rw981.jpg
pics,1641442419.0,rx585s,False,False,,False,14,False,59,False,False,"Photo of Hisham Abu Hawash, man on hunger strike for 140 days over his imprisonment without charge",0.81,https://i.redd.it/jvdzp9pvsz981.jpg
pics,1641424670.0,rwzr0i,False,False,,False,13,False,43,False,False,My nephew's first car. I'm a little jealous.,0.84,https://www.reddit.com/gallery/rwzr0i
pics,1641424533.0,rwzp4f,False,False,,False,26,False,46,False,False,A very expensive computer advertisement.,0.88,https://i.redd.it/jr2zg6lccy981.jpg
